{
    "id": "sentence-embedding",
    "version": "1.2.2",
    "meta": {
        "label": "Sentence Embedding",
        "description": "Compute numerical representations for sentences so that they can be fed to ML algorithms.",
        "author": "Dataiku (Hicham El Boukkouri)",
        "icon": "icon-table",
        "licenseInfo": "Apache Software License",
        "url": "https://www.dataiku.com/dss/plugins/info/sentence-embedding.html",
        "tags": ["NLP", "Machine Learning", "AutoML"]
    }
}
