{
    "meta": {
        "label": "Compute sentence embeddings",
        "description": "Compute numerical representations for sentences so that they can be fed to ML algorithms. The sentence embeddings are obtained using pre-trained word vectors that should have be downloaded before running the recipe.",
        "icon": "icon-table"
    },
    "kind": "PYTHON",
    "selectableFromDataset": "input_dataset",
    "inputRoles": [
        {
            "name": "input_dataset",
            "label": "Input dataset",
            "description": "The dataset that contains the column of interest",
            "arity": "UNARY",
            "required": true,
            "acceptsDataset": true
        },
        {
            "name": "embedding_folder",
            "label": "Embedding folder",
            "description": "The folder containing the pre-trained word embeddings",
            "arity": "UNARY",
            "required": true,
            "acceptsManagedFolder": true,
            "acceptsDataset": false
        }
    ],
    "outputRoles": [
        {
            "name": "output_dataset",
            "label": "Output dataset",
            "description": "A copy of the input dataset with an additional column of sentence embeddings",
            "arity": "UNARY",
            "required": true,
            "acceptsDataset": true
        }
    ],
    "params": [
        {
            "name": "text_column_names",
            "label": "Text column",
            "type": "COLUMNS",
            "description": "",
            "mandatory": true,
            "columnRole":"input_dataset"
        },
        {
            "name": "aggregation_method",
            "label": "Aggregation method",
            "description": "Method used to combine word vectors to obtain a sentence vector",
            "type": "SELECT",
            "mandatory": true,
            "selectChoices": [
                {
                    "value": "simple_average",
                    "label": "Simple Average"
                },
                {
                    "value": "SIF",
                    "label": "SIF Embedding"
                }
            ],
            "defaultValue": "simple_average"
        },
        {
            "name": "embedding_is_custom",
            "label": "Use custom embedding",
            "description": "Tick this box if you are using a custom embedding.",
            "type": "BOOLEAN",
            "defaultValue": false
        },
        {
            "visibilityCondition": "model.aggregation_method=='SIF'",
            "name": "advanced_settings",
            "label": "Advanced Settings",
            "description": "To set SIF smoothing parameters and number of components.",
            "type": "BOOLEAN",
            "defaultValue": false
        },
        {
            "visibilityCondition": "model.advanced_settings",
            "name": "smoothing_parameter",
            "label": "[SIF] Smoothing Parameter",
            "description": "Used for computing SIF weights.",
            "type": "DOUBLE",
            "defaultValue": 0.001
        },
        {
            "visibilityCondition": "model.advanced_settings",
            "name": "n_principal_components",
            "label": "[SIF] Principal Components",
            "description": "Number of components to remove in SIF computation.",
            "type": "INT",
            "defaultValue": 1
        }
    ]
}
