{
    "meta" : {
        "label" : "Pre-trained Embeddings",
        "description" : "Downloads pre-trained word embeddings. Available models are: Word2vec, GloVe, fastText and ELMo.",
        "icon" : "icon-cloud-download"
    },
    "impersonate" : false,
    
    "permissions" : ["WRITE_CONF"],

    "resultType" : "HTML",
    
    "resultLabel" : "model download output",
    
    "extension" : "txt",
    
    "mimeType" : "text/plain",

    "params": [
        {
            "name": "source",
            "label": "Source",
            "type": "SELECT",
            "selectChoices": [
                {
                    "label": "Word2vec",
                    "value": "word2vec"
                },
                {
                    "label": "GloVe",
                    "value": "glove"
                },
                {
                    "label": "FastText",
                    "value": "fasttext"
                },
                {
                    "label": "ELMo",
                    "value": "elmo"
                }
            ],
            "mandatory": true
        },
        {
            "visibilityCondition": "model.source == 'fasttext'",
            "name": "text_language_fasttext",
            "label": "Text language",
            "type": "SELECT",
            "selectChoices": [
                {
                    "label": "English",
                    "value": "english"
                },
                {
                    "label": "French",
                    "value": "french"
                }
            ],
            "mandatory": true
        },
        {
            "visibilityCondition": "model.source != 'fasttext'",
            "name": "text_language_other",
            "label": "Text language",
            "type": "SELECT",
            "selectChoices": [
                {
                    "label": "English",
                    "value": "english"
                }
            ],
            "mandatory": true
        },
        {
            "name": "outputName",
            "label" : "Output folder name",
            "type": "STRING",
            "description":"Use a different folder for each downloaded embeddings.",
            "mandatory" : true
        }
    ]
}
